Año,Trimestre,Provincia,Banda ancha fija,key,Periodo
2022,3,Buenos Aires,4715469,2022_3,Jul-Sept 2022
2022,3,Capital Federal,1545534,2022_3,Jul-Sept 2022
2022,3,Catamarca,70292,2022_3,Jul-Sept 2022
2022,3,Chaco,144141,2022_3,Jul-Sept 2022
2022,3,Chubut,164874,2022_3,Jul-Sept 2022
2022,3,Córdoba,1038600,2022_3,Jul-Sept 2022
2022,3,Corrientes,144842,2022_3,Jul-Sept 2022
2022,3,Entre Ríos,268937,2022_3,Jul-Sept 2022
2022,3,Formosa,68537,2022_3,Jul-Sept 2022
2022,3,Jujuy,118823,2022_3,Jul-Sept 2022
2022,3,La Pampa,115921,2022_3,Jul-Sept 2022
2022,3,La Rioja,86860,2022_3,Jul-Sept 2022
2022,3,Mendoza,288746,2022_3,Jul-Sept 2022
2022,3,Misiones,182157,2022_3,Jul-Sept 2022
2022,3,Neuquén,162693,2022_3,Jul-Sept 2022
2022,3,Río Negro,160010,2022_3,Jul-Sept 2022
2022,3,Salta,204536,2022_3,Jul-Sept 2022
2022,3,San Juan,103118,2022_3,Jul-Sept 2022
2022,3,San Luis,121888,2022_3,Jul-Sept 2022
2022,3,Santa Cruz,49312,2022_3,Jul-Sept 2022
2022,3,Santa Fe,887700,2022_3,Jul-Sept 2022
2022,3,Santiago Del Estero,119030,2022_3,Jul-Sept 2022
2022,3,Tierra Del Fuego,53584,2022_3,Jul-Sept 2022
2022,3,Tucumán,263087,2022_3,Jul-Sept 2022
2022,2,Buenos Aires,4660984,2022_2,Abr-Jun 2022
2022,2,Capital Federal,1534626,2022_2,Abr-Jun 2022
2022,2,Catamarca,67007,2022_2,Abr-Jun 2022
2022,2,Chaco,143559,2022_2,Abr-Jun 2022
2022,2,Chubut,161901,2022_2,Abr-Jun 2022
2022,2,Córdoba,1026367,2022_2,Abr-Jun 2022
2022,2,Corrientes,144993,2022_2,Abr-Jun 2022
2022,2,Entre Ríos,269330,2022_2,Abr-Jun 2022
2022,2,Formosa,67881,2022_2,Abr-Jun 2022
2022,2,Jujuy,115314,2022_2,Abr-Jun 2022
2022,2,La Pampa,111356,2022_2,Abr-Jun 2022
2022,2,La Rioja,86026,2022_2,Abr-Jun 2022
2022,2,Mendoza,278785,2022_2,Abr-Jun 2022
2022,2,Misiones,178813,2022_2,Abr-Jun 2022
2022,2,Neuquén,161500,2022_2,Abr-Jun 2022
2022,2,Río Negro,159216,2022_2,Abr-Jun 2022
2022,2,Salta,203172,2022_2,Abr-Jun 2022
2022,2,San Juan,100126,2022_2,Abr-Jun 2022
2022,2,San Luis,121559,2022_2,Abr-Jun 2022
2022,2,Santa Cruz,48987,2022_2,Abr-Jun 2022
2022,2,Santa Fe,878749,2022_2,Abr-Jun 2022
2022,2,Santiago Del Estero,118042,2022_2,Abr-Jun 2022
2022,2,Tierra Del Fuego,53458,2022_2,Abr-Jun 2022
2022,2,Tucumán,254497,2022_2,Abr-Jun 2022
2022,1,Buenos Aires,4549131,2022_1,Ene-Mar 2022
2022,1,Capital Federal,1415378,2022_1,Ene-Mar 2022
2022,1,Catamarca,62377,2022_1,Ene-Mar 2022
2022,1,Chaco,144114,2022_1,Ene-Mar 2022
2022,1,Chubut,170701,2022_1,Ene-Mar 2022
2022,1,Córdoba,1003729,2022_1,Ene-Mar 2022
2022,1,Corrientes,142574,2022_1,Ene-Mar 2022
2022,1,Entre Ríos,267904,2022_1,Ene-Mar 2022
2022,1,Formosa,54548,2022_1,Ene-Mar 2022
2022,1,Jujuy,116509,2022_1,Ene-Mar 2022
2022,1,La Pampa,109560,2022_1,Ene-Mar 2022
2022,1,La Rioja,84299,2022_1,Ene-Mar 2022
2022,1,Mendoza,274399,2022_1,Ene-Mar 2022
2022,1,Misiones,171508,2022_1,Ene-Mar 2022
2022,1,Neuquén,149208,2022_1,Ene-Mar 2022
2022,1,Río Negro,156821,2022_1,Ene-Mar 2022
2022,1,Salta,197510,2022_1,Ene-Mar 2022
2022,1,San Juan,87888,2022_1,Ene-Mar 2022
2022,1,San Luis,119659,2022_1,Ene-Mar 2022
2022,1,Santa Cruz,48898,2022_1,Ene-Mar 2022
2022,1,Santa Fe,870364,2022_1,Ene-Mar 2022
2022,1,Santiago Del Estero,116459,2022_1,Ene-Mar 2022
2022,1,Tierra Del Fuego,52298,2022_1,Ene-Mar 2022
2022,1,Tucumán,245554,2022_1,Ene-Mar 2022
2021,4,Buenos Aires,4502772,2021_4,Oct-Dic 2021
2021,4,Capital Federal,1409935,2021_4,Oct-Dic 2021
2021,4,Catamarca,59089,2021_4,Oct-Dic 2021
2021,4,Chaco,143740,2021_4,Oct-Dic 2021
2021,4,Chubut,159364,2021_4,Oct-Dic 2021
2021,4,Córdoba,986693,2021_4,Oct-Dic 2021
2021,4,Corrientes,135908,2021_4,Oct-Dic 2021
2021,4,Entre Ríos,265024,2021_4,Oct-Dic 2021
2021,4,Formosa,53663,2021_4,Oct-Dic 2021
2021,4,Jujuy,113915,2021_4,Oct-Dic 2021
2021,4,La Pampa,106834,2021_4,Oct-Dic 2021
2021,4,La Rioja,83124,2021_4,Oct-Dic 2021
2021,4,Mendoza,266783,2021_4,Oct-Dic 2021
2021,4,Misiones,171132,2021_4,Oct-Dic 2021
2021,4,Neuquén,146989,2021_4,Oct-Dic 2021
2021,4,Río Negro,153189,2021_4,Oct-Dic 2021
2021,4,Salta,199399,2021_4,Oct-Dic 2021
2021,4,San Juan,79667,2021_4,Oct-Dic 2021
2021,4,San Luis,118662,2021_4,Oct-Dic 2021
2021,4,Santa Cruz,48276,2021_4,Oct-Dic 2021
2021,4,Santa Fe,866265,2021_4,Oct-Dic 2021
2021,4,Santiago Del Estero,115859,2021_4,Oct-Dic 2021
2021,4,Tierra Del Fuego,52042,2021_4,Oct-Dic 2021
2021,4,Tucumán,238609,2021_4,Oct-Dic 2021
2021,3,Buenos Aires,4246425,2021_3,Jul-Sept 2021
2021,3,Capital Federal,1411797,2021_3,Jul-Sept 2021
2021,3,Catamarca,56253,2021_3,Jul-Sept 2021
2021,3,Chaco,139868,2021_3,Jul-Sept 2021
2021,3,Chubut,155266,2021_3,Jul-Sept 2021
2021,3,Córdoba,946726,2021_3,Jul-Sept 2021
2021,3,Corrientes,133816,2021_3,Jul-Sept 2021
2021,3,Entre Ríos,260360,2021_3,Jul-Sept 2021
2021,3,Formosa,52795,2021_3,Jul-Sept 2021
2021,3,Jujuy,111158,2021_3,Jul-Sept 2021
2021,3,La Pampa,100371,2021_3,Jul-Sept 2021
2021,3,La Rioja,82157,2021_3,Jul-Sept 2021
2021,3,Mendoza,255320,2021_3,Jul-Sept 2021
2021,3,Misiones,158528,2021_3,Jul-Sept 2021
2021,3,Neuquén,139436,2021_3,Jul-Sept 2021
2021,3,Río Negro,144084,2021_3,Jul-Sept 2021
2021,3,Salta,195831,2021_3,Jul-Sept 2021
2021,3,San Juan,79227,2021_3,Jul-Sept 2021
2021,3,San Luis,117716,2021_3,Jul-Sept 2021
2021,3,Santa Cruz,48779,2021_3,Jul-Sept 2021
2021,3,Santa Fe,841433,2021_3,Jul-Sept 2021
2021,3,Santiago Del Estero,115457,2021_3,Jul-Sept 2021
2021,3,Tierra Del Fuego,49934,2021_3,Jul-Sept 2021
2021,3,Tucumán,232447,2021_3,Jul-Sept 2021
2021,2,Buenos Aires,4127167,2021_2,Abr-Jun 2021
2021,2,Capital Federal,1398747,2021_2,Abr-Jun 2021
2021,2,Catamarca,55743,2021_2,Abr-Jun 2021
2021,2,Chaco,140726,2021_2,Abr-Jun 2021
2021,2,Chubut,138412,2021_2,Abr-Jun 2021
2021,2,Córdoba,930818,2021_2,Abr-Jun 2021
2021,2,Corrientes,129498,2021_2,Abr-Jun 2021
2021,2,Entre Ríos,257617,2021_2,Abr-Jun 2021
2021,2,Formosa,51551,2021_2,Abr-Jun 2021
2021,2,Jujuy,111848,2021_2,Abr-Jun 2021
2021,2,La Pampa,97551,2021_2,Abr-Jun 2021
2021,2,La Rioja,81599,2021_2,Abr-Jun 2021
2021,2,Mendoza,229052,2021_2,Abr-Jun 2021
2021,2,Misiones,156176,2021_2,Abr-Jun 2021
2021,2,Neuquén,137877,2021_2,Abr-Jun 2021
2021,2,Río Negro,143583,2021_2,Abr-Jun 2021
2021,2,Salta,191637,2021_2,Abr-Jun 2021
2021,2,San Juan,78677,2021_2,Abr-Jun 2021
2021,2,San Luis,122670,2021_2,Abr-Jun 2021
2021,2,Santa Cruz,48785,2021_2,Abr-Jun 2021
2021,2,Santa Fe,840449,2021_2,Abr-Jun 2021
2021,2,Santiago Del Estero,114089,2021_2,Abr-Jun 2021
2021,2,Tierra Del Fuego,35404,2021_2,Abr-Jun 2021
2021,2,Tucumán,233026,2021_2,Abr-Jun 2021
2021,1,Buenos Aires,4054936,2021_1,Ene-Mar 2021
2021,1,Capital Federal,1378283,2021_1,Ene-Mar 2021
2021,1,Catamarca,51967,2021_1,Ene-Mar 2021
2021,1,Chaco,139767,2021_1,Ene-Mar 2021
2021,1,Chubut,131515,2021_1,Ene-Mar 2021
2021,1,Córdoba,910826,2021_1,Ene-Mar 2021
2021,1,Corrientes,126622,2021_1,Ene-Mar 2021
2021,1,Entre Ríos,251950,2021_1,Ene-Mar 2021
2021,1,Formosa,50686,2021_1,Ene-Mar 2021
2021,1,Jujuy,110456,2021_1,Ene-Mar 2021
2021,1,La Pampa,96989,2021_1,Ene-Mar 2021
2021,1,La Rioja,52625,2021_1,Ene-Mar 2021
2021,1,Mendoza,218308,2021_1,Ene-Mar 2021
2021,1,Misiones,149387,2021_1,Ene-Mar 2021
2021,1,Neuquén,132862,2021_1,Ene-Mar 2021
2021,1,Río Negro,140667,2021_1,Ene-Mar 2021
2021,1,Salta,187572,2021_1,Ene-Mar 2021
2021,1,San Juan,78011,2021_1,Ene-Mar 2021
2021,1,San Luis,119006,2021_1,Ene-Mar 2021
2021,1,Santa Cruz,45868,2021_1,Ene-Mar 2021
2021,1,Santa Fe,825990,2021_1,Ene-Mar 2021
2021,1,Santiago Del Estero,111640,2021_1,Ene-Mar 2021
2021,1,Tierra Del Fuego,40133,2021_1,Ene-Mar 2021
2021,1,Tucumán,231890,2021_1,Ene-Mar 2021
2020,4,Buenos Aires,4028195,2020_4,Oct-Dic 2020
2020,4,Capital Federal,1378140,2020_4,Oct-Dic 2020
2020,4,Catamarca,52395,2020_4,Oct-Dic 2020
2020,4,Chaco,139088,2020_4,Oct-Dic 2020
2020,4,Chubut,129749,2020_4,Oct-Dic 2020
2020,4,Córdoba,902646,2020_4,Oct-Dic 2020
2020,4,Corrientes,125656,2020_4,Oct-Dic 2020
2020,4,Entre Ríos,247368,2020_4,Oct-Dic 2020
2020,4,Formosa,50206,2020_4,Oct-Dic 2020
2020,4,Jujuy,105851,2020_4,Oct-Dic 2020
2020,4,La Pampa,96779,2020_4,Oct-Dic 2020
2020,4,La Rioja,52775,2020_4,Oct-Dic 2020
2020,4,Mendoza,214838,2020_4,Oct-Dic 2020
2020,4,Misiones,147161,2020_4,Oct-Dic 2020
2020,4,Neuquén,132762,2020_4,Oct-Dic 2020
2020,4,Río Negro,140709,2020_4,Oct-Dic 2020
2020,4,Salta,187388,2020_4,Oct-Dic 2020
2020,4,San Juan,72340,2020_4,Oct-Dic 2020
2020,4,San Luis,119287,2020_4,Oct-Dic 2020
2020,4,Santa Cruz,40477,2020_4,Oct-Dic 2020
2020,4,Santa Fe,820676,2020_4,Oct-Dic 2020
2020,4,Santiago Del Estero,106668,2020_4,Oct-Dic 2020
2020,4,Tierra Del Fuego,39325,2020_4,Oct-Dic 2020
2020,4,Tucumán,231067,2020_4,Oct-Dic 2020
2020,3,Buenos Aires,3932211,2020_3,Jul-Sept 2020
2020,3,Capital Federal,1371285,2020_3,Jul-Sept 2020
2020,3,Catamarca,49903,2020_3,Jul-Sept 2020
2020,3,Chaco,133951,2020_3,Jul-Sept 2020
2020,3,Chubut,129202,2020_3,Jul-Sept 2020
2020,3,Córdoba,867417,2020_3,Jul-Sept 2020
2020,3,Corrientes,123388,2020_3,Jul-Sept 2020
2020,3,Entre Ríos,241482,2020_3,Jul-Sept 2020
2020,3,Formosa,49209,2020_3,Jul-Sept 2020
2020,3,Jujuy,106728,2020_3,Jul-Sept 2020
2020,3,La Pampa,93619,2020_3,Jul-Sept 2020
2020,3,La Rioja,52613,2020_3,Jul-Sept 2020
2020,3,Mendoza,207173,2020_3,Jul-Sept 2020
2020,3,Misiones,143186,2020_3,Jul-Sept 2020
2020,3,Neuquén,128862,2020_3,Jul-Sept 2020
2020,3,Río Negro,130966,2020_3,Jul-Sept 2020
2020,3,Salta,180844,2020_3,Jul-Sept 2020
2020,3,San Juan,77071,2020_3,Jul-Sept 2020
2020,3,San Luis,116417,2020_3,Jul-Sept 2020
2020,3,Santa Cruz,39084,2020_3,Jul-Sept 2020
2020,3,Santa Fe,802861,2020_3,Jul-Sept 2020
2020,3,Santiago Del Estero,105491,2020_3,Jul-Sept 2020
2020,3,Tierra Del Fuego,39366,2020_3,Jul-Sept 2020
2020,3,Tucumán,223854,2020_3,Jul-Sept 2020
2020,2,Buenos Aires,3772480,2020_2,Abr-Jun 2020
2020,2,Capital Federal,1356431,2020_2,Abr-Jun 2020
2020,2,Catamarca,47975,2020_2,Abr-Jun 2020
2020,2,Chaco,128129,2020_2,Abr-Jun 2020
2020,2,Chubut,107831,2020_2,Abr-Jun 2020
2020,2,Córdoba,836413,2020_2,Abr-Jun 2020
2020,2,Corrientes,118863,2020_2,Abr-Jun 2020
2020,2,Entre Ríos,234100,2020_2,Abr-Jun 2020
2020,2,Formosa,47932,2020_2,Abr-Jun 2020
2020,2,Jujuy,94316,2020_2,Abr-Jun 2020
2020,2,La Pampa,89693,2020_2,Abr-Jun 2020
2020,2,La Rioja,52152,2020_2,Abr-Jun 2020
2020,2,Mendoza,200569,2020_2,Abr-Jun 2020
2020,2,Misiones,140340,2020_2,Abr-Jun 2020
2020,2,Neuquén,125799,2020_2,Abr-Jun 2020
2020,2,Río Negro,128985,2020_2,Abr-Jun 2020
2020,2,Salta,177760,2020_2,Abr-Jun 2020
2020,2,San Juan,69521,2020_2,Abr-Jun 2020
2020,2,San Luis,113804,2020_2,Abr-Jun 2020
2020,2,Santa Cruz,38672,2020_2,Abr-Jun 2020
2020,2,Santa Fe,777795,2020_2,Abr-Jun 2020
2020,2,Santiago Del Estero,105446,2020_2,Abr-Jun 2020
2020,2,Tierra Del Fuego,38900,2020_2,Abr-Jun 2020
2020,2,Tucumán,217134,2020_2,Abr-Jun 2020
2020,1,Buenos Aires,3702985,2020_1,Ene-Mar 2020
2020,1,Capital Federal,1352104,2020_1,Ene-Mar 2020
2020,1,Catamarca,39634,2020_1,Ene-Mar 2020
2020,1,Chaco,120274,2020_1,Ene-Mar 2020
2020,1,Chubut,95938,2020_1,Ene-Mar 2020
2020,1,Córdoba,811044,2020_1,Ene-Mar 2020
2020,1,Corrientes,113967,2020_1,Ene-Mar 2020
2020,1,Entre Ríos,231833,2020_1,Ene-Mar 2020
2020,1,Formosa,46434,2020_1,Ene-Mar 2020
2020,1,Jujuy,91665,2020_1,Ene-Mar 2020
2020,1,La Pampa,89110,2020_1,Ene-Mar 2020
2020,1,La Rioja,48337,2020_1,Ene-Mar 2020
2020,1,Mendoza,182837,2020_1,Ene-Mar 2020
2020,1,Misiones,133552,2020_1,Ene-Mar 2020
2020,1,Neuquén,121354,2020_1,Ene-Mar 2020
2020,1,Río Negro,125699,2020_1,Ene-Mar 2020
2020,1,Salta,170379,2020_1,Ene-Mar 2020
2020,1,San Juan,63975,2020_1,Ene-Mar 2020
2020,1,San Luis,110404,2020_1,Ene-Mar 2020
2020,1,Santa Cruz,38625,2020_1,Ene-Mar 2020
2020,1,Santa Fe,770981,2020_1,Ene-Mar 2020
2020,1,Santiago Del Estero,102754,2020_1,Ene-Mar 2020
2020,1,Tierra Del Fuego,38505,2020_1,Ene-Mar 2020
2020,1,Tucumán,200045,2020_1,Ene-Mar 2020
2019,4,Buenos Aires,3681120,2019_4,Oct-Dic 2019
2019,4,Capital Federal,1356695,2019_4,Oct-Dic 2019
2019,4,Catamarca,38310,2019_4,Oct-Dic 2019
2019,4,Chaco,117900,2019_4,Oct-Dic 2019
2019,4,Chubut,95292,2019_4,Oct-Dic 2019
2019,4,Córdoba,806633,2019_4,Oct-Dic 2019
2019,4,Corrientes,113831,2019_4,Oct-Dic 2019
2019,4,Entre Ríos,239017,2019_4,Oct-Dic 2019
2019,4,Formosa,46711,2019_4,Oct-Dic 2019
2019,4,Jujuy,88881,2019_4,Oct-Dic 2019
2019,4,La Pampa,90280,2019_4,Oct-Dic 2019
2019,4,La Rioja,48999,2019_4,Oct-Dic 2019
2019,4,Mendoza,185157,2019_4,Oct-Dic 2019
2019,4,Misiones,135813,2019_4,Oct-Dic 2019
2019,4,Neuquén,116069,2019_4,Oct-Dic 2019
2019,4,Río Negro,126636,2019_4,Oct-Dic 2019
2019,4,Salta,172443,2019_4,Oct-Dic 2019
2019,4,San Juan,64715,2019_4,Oct-Dic 2019
2019,4,San Luis,108053,2019_4,Oct-Dic 2019
2019,4,Santa Cruz,39170,2019_4,Oct-Dic 2019
2019,4,Santa Fe,769019,2019_4,Oct-Dic 2019
2019,4,Santiago Del Estero,103587,2019_4,Oct-Dic 2019
2019,4,Tierra Del Fuego,40101,2019_4,Oct-Dic 2019
2019,4,Tucumán,198621,2019_4,Oct-Dic 2019
2019,3,Buenos Aires,3950114,2019_3,Jul-Sept 2019
2019,3,Capital Federal,1437734,2019_3,Jul-Sept 2019
2019,3,Catamarca,32391,2019_3,Jul-Sept 2019
2019,3,Chaco,114438,2019_3,Jul-Sept 2019
2019,3,Chubut,87481,2019_3,Jul-Sept 2019
2019,3,Córdoba,782946,2019_3,Jul-Sept 2019
2019,3,Corrientes,112749,2019_3,Jul-Sept 2019
2019,3,Entre Ríos,238057,2019_3,Jul-Sept 2019
2019,3,Formosa,46066,2019_3,Jul-Sept 2019
2019,3,Jujuy,86575,2019_3,Jul-Sept 2019
2019,3,La Pampa,90559,2019_3,Jul-Sept 2019
2019,3,La Rioja,49659,2019_3,Jul-Sept 2019
2019,3,Mendoza,223015,2019_3,Jul-Sept 2019
2019,3,Misiones,133883,2019_3,Jul-Sept 2019
2019,3,Neuquén,123435,2019_3,Jul-Sept 2019
2019,3,Río Negro,143391,2019_3,Jul-Sept 2019
2019,3,Salta,151834,2019_3,Jul-Sept 2019
2019,3,San Juan,72535,2019_3,Jul-Sept 2019
2019,3,San Luis,122409,2019_3,Jul-Sept 2019
2019,3,Santa Cruz,37642,2019_3,Jul-Sept 2019
2019,3,Santa Fe,760706,2019_3,Jul-Sept 2019
2019,3,Santiago Del Estero,133130,2019_3,Jul-Sept 2019
2019,3,Tierra Del Fuego,48043,2019_3,Jul-Sept 2019
2019,3,Tucumán,164099,2019_3,Jul-Sept 2019
2019,2,Buenos Aires,3845594,2019_2,Abr-Jun 2019
2019,2,Capital Federal,1412177,2019_2,Abr-Jun 2019
2019,2,Catamarca,33626,2019_2,Abr-Jun 2019
2019,2,Chaco,108721,2019_2,Abr-Jun 2019
2019,2,Chubut,86038,2019_2,Abr-Jun 2019
2019,2,Córdoba,775023,2019_2,Abr-Jun 2019
2019,2,Corrientes,111539,2019_2,Abr-Jun 2019
2019,2,Entre Ríos,235780,2019_2,Abr-Jun 2019
2019,2,Formosa,46438,2019_2,Abr-Jun 2019
2019,2,Jujuy,86706,2019_2,Abr-Jun 2019
2019,2,La Pampa,89937,2019_2,Abr-Jun 2019
2019,2,La Rioja,50283,2019_2,Abr-Jun 2019
2019,2,Mendoza,222535,2019_2,Abr-Jun 2019
2019,2,Misiones,132878,2019_2,Abr-Jun 2019
2019,2,Neuquén,120954,2019_2,Abr-Jun 2019
2019,2,Río Negro,137632,2019_2,Abr-Jun 2019
2019,2,Salta,142567,2019_2,Abr-Jun 2019
2019,2,San Juan,69461,2019_2,Abr-Jun 2019
2019,2,San Luis,117094,2019_2,Abr-Jun 2019
2019,2,Santa Cruz,30225,2019_2,Abr-Jun 2019
2019,2,Santa Fe,743258,2019_2,Abr-Jun 2019
2019,2,Santiago Del Estero,126752,2019_2,Abr-Jun 2019
2019,2,Tierra Del Fuego,46910,2019_2,Abr-Jun 2019
2019,2,Tucumán,166299,2019_2,Abr-Jun 2019
2019,1,Buenos Aires,3736563,2019_1,Ene-Mar 2019
2019,1,Capital Federal,1396157,2019_1,Ene-Mar 2019
2019,1,Catamarca,33613,2019_1,Ene-Mar 2019
2019,1,Chaco,103664,2019_1,Ene-Mar 2019
2019,1,Chubut,78260,2019_1,Ene-Mar 2019
2019,1,Córdoba,744010,2019_1,Ene-Mar 2019
2019,1,Corrientes,102477,2019_1,Ene-Mar 2019
2019,1,Entre Ríos,232403,2019_1,Ene-Mar 2019
2019,1,Formosa,45211,2019_1,Ene-Mar 2019
2019,1,Jujuy,90146,2019_1,Ene-Mar 2019
2019,1,La Pampa,88892,2019_1,Ene-Mar 2019
2019,1,La Rioja,51638,2019_1,Ene-Mar 2019
2019,1,Mendoza,204976,2019_1,Ene-Mar 2019
2019,1,Misiones,122720,2019_1,Ene-Mar 2019
2019,1,Neuquén,112321,2019_1,Ene-Mar 2019
2019,1,Río Negro,120173,2019_1,Ene-Mar 2019
2019,1,Salta,136019,2019_1,Ene-Mar 2019
2019,1,San Juan,61881,2019_1,Ene-Mar 2019
2019,1,San Luis,96044,2019_1,Ene-Mar 2019
2019,1,Santa Cruz,24580,2019_1,Ene-Mar 2019
2019,1,Santa Fe,736851,2019_1,Ene-Mar 2019
2019,1,Santiago Del Estero,89851,2019_1,Ene-Mar 2019
2019,1,Tierra Del Fuego,45903,2019_1,Ene-Mar 2019
2019,1,Tucumán,171970,2019_1,Ene-Mar 2019
2018,4,Buenos Aires,3626502,2018_4,Oct-Dic 2018
2018,4,Capital Federal,1385577,2018_4,Oct-Dic 2018
2018,4,Catamarca,33574,2018_4,Oct-Dic 2018
2018,4,Chaco,103257,2018_4,Oct-Dic 2018
2018,4,Chubut,77204,2018_4,Oct-Dic 2018
2018,4,Córdoba,737234,2018_4,Oct-Dic 2018
2018,4,Corrientes,100591,2018_4,Oct-Dic 2018
2018,4,Entre Ríos,222003,2018_4,Oct-Dic 2018
2018,4,Formosa,45204,2018_4,Oct-Dic 2018
2018,4,Jujuy,90132,2018_4,Oct-Dic 2018
2018,4,La Pampa,85368,2018_4,Oct-Dic 2018
2018,4,La Rioja,51633,2018_4,Oct-Dic 2018
2018,4,Mendoza,204982,2018_4,Oct-Dic 2018
2018,4,Misiones,116273,2018_4,Oct-Dic 2018
2018,4,Neuquén,112309,2018_4,Oct-Dic 2018
2018,4,Río Negro,115922,2018_4,Oct-Dic 2018
2018,4,Salta,134577,2018_4,Oct-Dic 2018
2018,4,San Juan,61834,2018_4,Oct-Dic 2018
2018,4,San Luis,96040,2018_4,Oct-Dic 2018
2018,4,Santa Cruz,24443,2018_4,Oct-Dic 2018
2018,4,Santa Fe,720161,2018_4,Oct-Dic 2018
2018,4,Santiago Del Estero,89333,2018_4,Oct-Dic 2018
2018,4,Tierra Del Fuego,45716,2018_4,Oct-Dic 2018
2018,4,Tucumán,171972,2018_4,Oct-Dic 2018
2018,3,Buenos Aires,3599714,2018_3,Jul-Sept 2018
2018,3,Capital Federal,1385804,2018_3,Jul-Sept 2018
2018,3,Catamarca,34215,2018_3,Jul-Sept 2018
2018,3,Chaco,102021,2018_3,Jul-Sept 2018
2018,3,Chubut,101310,2018_3,Jul-Sept 2018
2018,3,Córdoba,725764,2018_3,Jul-Sept 2018
2018,3,Corrientes,99445,2018_3,Jul-Sept 2018
2018,3,Entre Ríos,204560,2018_3,Jul-Sept 2018
2018,3,Formosa,44865,2018_3,Jul-Sept 2018
2018,3,Jujuy,44934,2018_3,Jul-Sept 2018
2018,3,La Pampa,83180,2018_3,Jul-Sept 2018
2018,3,La Rioja,51855,2018_3,Jul-Sept 2018
2018,3,Mendoza,205545,2018_3,Jul-Sept 2018
2018,3,Misiones,108042,2018_3,Jul-Sept 2018
2018,3,Neuquén,114713,2018_3,Jul-Sept 2018
2018,3,Río Negro,112433,2018_3,Jul-Sept 2018
2018,3,Salta,132882,2018_3,Jul-Sept 2018
2018,3,San Juan,63823,2018_3,Jul-Sept 2018
2018,3,San Luis,74121,2018_3,Jul-Sept 2018
2018,3,Santa Cruz,33565,2018_3,Jul-Sept 2018
2018,3,Santa Fe,694883,2018_3,Jul-Sept 2018
2018,3,Santiago Del Estero,86358,2018_3,Jul-Sept 2018
2018,3,Tierra Del Fuego,45056,2018_3,Jul-Sept 2018
2018,3,Tucumán,171135,2018_3,Jul-Sept 2018
2018,2,Buenos Aires,3490134,2018_2,Abr-Jun 2018
2018,2,Capital Federal,1362498,2018_2,Abr-Jun 2018
2018,2,Catamarca,34078,2018_2,Abr-Jun 2018
2018,2,Chaco,98509,2018_2,Abr-Jun 2018
2018,2,Chubut,98137,2018_2,Abr-Jun 2018
2018,2,Córdoba,712979,2018_2,Abr-Jun 2018
2018,2,Corrientes,97946,2018_2,Abr-Jun 2018
2018,2,Entre Ríos,199937,2018_2,Abr-Jun 2018
2018,2,Formosa,44554,2018_2,Abr-Jun 2018
2018,2,Jujuy,45132,2018_2,Abr-Jun 2018
2018,2,La Pampa,82177,2018_2,Abr-Jun 2018
2018,2,La Rioja,51931,2018_2,Abr-Jun 2018
2018,2,Mendoza,199468,2018_2,Abr-Jun 2018
2018,2,Misiones,106147,2018_2,Abr-Jun 2018
2018,2,Neuquén,113842,2018_2,Abr-Jun 2018
2018,2,Río Negro,111176,2018_2,Abr-Jun 2018
2018,2,Salta,134166,2018_2,Abr-Jun 2018
2018,2,San Juan,63443,2018_2,Abr-Jun 2018
2018,2,San Luis,21168,2018_2,Abr-Jun 2018
2018,2,Santa Cruz,33970,2018_2,Abr-Jun 2018
2018,2,Santa Fe,684243,2018_2,Abr-Jun 2018
2018,2,Santiago Del Estero,83773,2018_2,Abr-Jun 2018
2018,2,Tierra Del Fuego,44199,2018_2,Abr-Jun 2018
2018,2,Tucumán,169926,2018_2,Abr-Jun 2018
2018,1,Buenos Aires,3464882,2018_1,Ene-Mar 2018
2018,1,Capital Federal,1359882,2018_1,Ene-Mar 2018
2018,1,Catamarca,33934,2018_1,Ene-Mar 2018
2018,1,Chaco,96925,2018_1,Ene-Mar 2018
2018,1,Chubut,95532,2018_1,Ene-Mar 2018
2018,1,Córdoba,713825,2018_1,Ene-Mar 2018
2018,1,Corrientes,94406,2018_1,Ene-Mar 2018
2018,1,Entre Ríos,197346,2018_1,Ene-Mar 2018
2018,1,Formosa,32328,2018_1,Ene-Mar 2018
2018,1,Jujuy,44405,2018_1,Ene-Mar 2018
2018,1,La Pampa,82668,2018_1,Ene-Mar 2018
2018,1,La Rioja,52228,2018_1,Ene-Mar 2018
2018,1,Mendoza,199463,2018_1,Ene-Mar 2018
2018,1,Misiones,103580,2018_1,Ene-Mar 2018
2018,1,Neuquén,115897,2018_1,Ene-Mar 2018
2018,1,Río Negro,110057,2018_1,Ene-Mar 2018
2018,1,Salta,133182,2018_1,Ene-Mar 2018
2018,1,San Juan,62610,2018_1,Ene-Mar 2018
2018,1,San Luis,21096,2018_1,Ene-Mar 2018
2018,1,Santa Cruz,33970,2018_1,Ene-Mar 2018
2018,1,Santa Fe,679717,2018_1,Ene-Mar 2018
2018,1,Santiago Del Estero,82916,2018_1,Ene-Mar 2018
2018,1,Tierra Del Fuego,31106,2018_1,Ene-Mar 2018
2018,1,Tucumán,168026,2018_1,Ene-Mar 2018
2017,4,Buenos Aires,3171206,2017_4,Oct-Dic 2017
2017,4,Capital Federal,1575418,2017_4,Oct-Dic 2017
2017,4,Catamarca,29548,2017_4,Oct-Dic 2017
2017,4,Chaco,96603,2017_4,Oct-Dic 2017
2017,4,Chubut,91012,2017_4,Oct-Dic 2017
2017,4,Córdoba,709874,2017_4,Oct-Dic 2017
2017,4,Corrientes,93760,2017_4,Oct-Dic 2017
2017,4,Entre Ríos,193654,2017_4,Oct-Dic 2017
2017,4,Formosa,32056,2017_4,Oct-Dic 2017
2017,4,Jujuy,43551,2017_4,Oct-Dic 2017
2017,4,La Pampa,81675,2017_4,Oct-Dic 2017
2017,4,La Rioja,52177,2017_4,Oct-Dic 2017
2017,4,Mendoza,178661,2017_4,Oct-Dic 2017
2017,4,Misiones,103895,2017_4,Oct-Dic 2017
2017,4,Neuquén,114965,2017_4,Oct-Dic 2017
2017,4,Río Negro,108702,2017_4,Oct-Dic 2017
2017,4,Salta,132811,2017_4,Oct-Dic 2017
2017,4,San Juan,57965,2017_4,Oct-Dic 2017
2017,4,San Luis,14604,2017_4,Oct-Dic 2017
2017,4,Santa Cruz,29018,2017_4,Oct-Dic 2017
2017,4,Santa Fe,672137,2017_4,Oct-Dic 2017
2017,4,Santiago Del Estero,68842,2017_4,Oct-Dic 2017
2017,4,Tierra Del Fuego,28346,2017_4,Oct-Dic 2017
2017,4,Tucumán,162298,2017_4,Oct-Dic 2017
2017,3,Buenos Aires,3046758,2017_3,Jul-Sept 2017
2017,3,Capital Federal,1563289,2017_3,Jul-Sept 2017
2017,3,Catamarca,33467,2017_3,Jul-Sept 2017
2017,3,Chaco,93747,2017_3,Jul-Sept 2017
2017,3,Chubut,81067,2017_3,Jul-Sept 2017
2017,3,Córdoba,696536,2017_3,Jul-Sept 2017
2017,3,Corrientes,92536,2017_3,Jul-Sept 2017
2017,3,Entre Ríos,185414,2017_3,Jul-Sept 2017
2017,3,Formosa,32105,2017_3,Jul-Sept 2017
2017,3,Jujuy,43241,2017_3,Jul-Sept 2017
2017,3,La Pampa,79280,2017_3,Jul-Sept 2017
2017,3,La Rioja,51896,2017_3,Jul-Sept 2017
2017,3,Mendoza,190958,2017_3,Jul-Sept 2017
2017,3,Misiones,100476,2017_3,Jul-Sept 2017
2017,3,Neuquén,113755,2017_3,Jul-Sept 2017
2017,3,Río Negro,106393,2017_3,Jul-Sept 2017
2017,3,Salta,132517,2017_3,Jul-Sept 2017
2017,3,San Juan,61789,2017_3,Jul-Sept 2017
2017,3,San Luis,21408,2017_3,Jul-Sept 2017
2017,3,Santa Cruz,33222,2017_3,Jul-Sept 2017
2017,3,Santa Fe,662086,2017_3,Jul-Sept 2017
2017,3,Santiago Del Estero,82792,2017_3,Jul-Sept 2017
2017,3,Tierra Del Fuego,30883,2017_3,Jul-Sept 2017
2017,3,Tucumán,160979,2017_3,Jul-Sept 2017
2017,2,Buenos Aires,3067430,2017_2,Abr-Jun 2017
2017,2,Capital Federal,1592175,2017_2,Abr-Jun 2017
2017,2,Catamarca,26692,2017_2,Abr-Jun 2017
2017,2,Chaco,90597,2017_2,Abr-Jun 2017
2017,2,Chubut,62245,2017_2,Abr-Jun 2017
2017,2,Córdoba,657505,2017_2,Abr-Jun 2017
2017,2,Corrientes,90085,2017_2,Abr-Jun 2017
2017,2,Entre Ríos,182675,2017_2,Abr-Jun 2017
2017,2,Formosa,29956,2017_2,Abr-Jun 2017
2017,2,Jujuy,42656,2017_2,Abr-Jun 2017
2017,2,La Pampa,72573,2017_2,Abr-Jun 2017
2017,2,La Rioja,16271,2017_2,Abr-Jun 2017
2017,2,Mendoza,169302,2017_2,Abr-Jun 2017
2017,2,Misiones,99794,2017_2,Abr-Jun 2017
2017,2,Neuquén,115321,2017_2,Abr-Jun 2017
2017,2,Río Negro,100621,2017_2,Abr-Jun 2017
2017,2,Salta,108540,2017_2,Abr-Jun 2017
2017,2,San Juan,51261,2017_2,Abr-Jun 2017
2017,2,San Luis,12992,2017_2,Abr-Jun 2017
2017,2,Santa Cruz,26019,2017_2,Abr-Jun 2017
2017,2,Santa Fe,566918,2017_2,Abr-Jun 2017
2017,2,Santiago Del Estero,33194,2017_2,Abr-Jun 2017
2017,2,Tierra Del Fuego,31938,2017_2,Abr-Jun 2017
2017,2,Tucumán,154374,2017_2,Abr-Jun 2017
2017,1,Buenos Aires,3178174,2017_1,Ene-Mar 2017
2017,1,Capital Federal,1391030,2017_1,Ene-Mar 2017
2017,1,Catamarca,26304,2017_1,Ene-Mar 2017
2017,1,Chaco,89036,2017_1,Ene-Mar 2017
2017,1,Chubut,62166,2017_1,Ene-Mar 2017
2017,1,Córdoba,641066,2017_1,Ene-Mar 2017
2017,1,Corrientes,88596,2017_1,Ene-Mar 2017
2017,1,Entre Ríos,180296,2017_1,Ene-Mar 2017
2017,1,Formosa,29705,2017_1,Ene-Mar 2017
2017,1,Jujuy,43202,2017_1,Ene-Mar 2017
2017,1,La Pampa,71458,2017_1,Ene-Mar 2017
2017,1,La Rioja,16207,2017_1,Ene-Mar 2017
2017,1,Mendoza,169282,2017_1,Ene-Mar 2017
2017,1,Misiones,97619,2017_1,Ene-Mar 2017
2017,1,Neuquén,113227,2017_1,Ene-Mar 2017
2017,1,Río Negro,100288,2017_1,Ene-Mar 2017
2017,1,Salta,107632,2017_1,Ene-Mar 2017
2017,1,San Juan,51253,2017_1,Ene-Mar 2017
2017,1,San Luis,12992,2017_1,Ene-Mar 2017
2017,1,Santa Cruz,26116,2017_1,Ene-Mar 2017
2017,1,Santa Fe,562520,2017_1,Ene-Mar 2017
2017,1,Santiago Del Estero,34473,2017_1,Ene-Mar 2017
2017,1,Tierra Del Fuego,31938,2017_1,Ene-Mar 2017
2017,1,Tucumán,152734,2017_1,Ene-Mar 2017
2016,4,Buenos Aires,3131499,2016_4,Oct-Dic 2016
2016,4,Capital Federal,1393443,2016_4,Oct-Dic 2016
2016,4,Catamarca,27021,2016_4,Oct-Dic 2016
2016,4,Chaco,88833,2016_4,Oct-Dic 2016
2016,4,Chubut,62035,2016_4,Oct-Dic 2016
2016,4,Córdoba,636422,2016_4,Oct-Dic 2016
2016,4,Corrientes,88084,2016_4,Oct-Dic 2016
2016,4,Entre Ríos,180188,2016_4,Oct-Dic 2016
2016,4,Formosa,29513,2016_4,Oct-Dic 2016
2016,4,Jujuy,42624,2016_4,Oct-Dic 2016
2016,4,La Pampa,71368,2016_4,Oct-Dic 2016
2016,4,La Rioja,16298,2016_4,Oct-Dic 2016
2016,4,Mendoza,169274,2016_4,Oct-Dic 2016
2016,4,Misiones,97390,2016_4,Oct-Dic 2016
2016,4,Neuquén,111723,2016_4,Oct-Dic 2016
2016,4,Río Negro,100020,2016_4,Oct-Dic 2016
2016,4,Salta,106934,2016_4,Oct-Dic 2016
2016,4,San Juan,51301,2016_4,Oct-Dic 2016
2016,4,San Luis,12992,2016_4,Oct-Dic 2016
2016,4,Santa Cruz,26094,2016_4,Oct-Dic 2016
2016,4,Santa Fe,561470,2016_4,Oct-Dic 2016
2016,4,Santiago Del Estero,35049,2016_4,Oct-Dic 2016
2016,4,Tierra Del Fuego,31938,2016_4,Oct-Dic 2016
2016,4,Tucumán,151615,2016_4,Oct-Dic 2016
2016,3,Buenos Aires,3075387,2016_3,Jul-Sept 2016
2016,3,Capital Federal,1395053,2016_3,Jul-Sept 2016
2016,3,Catamarca,26957,2016_3,Jul-Sept 2016
2016,3,Chaco,89216,2016_3,Jul-Sept 2016
2016,3,Chubut,62222,2016_3,Jul-Sept 2016
2016,3,Córdoba,642458,2016_3,Jul-Sept 2016
2016,3,Corrientes,88328,2016_3,Jul-Sept 2016
2016,3,Entre Ríos,181092,2016_3,Jul-Sept 2016
2016,3,Formosa,27716,2016_3,Jul-Sept 2016
2016,3,Jujuy,42537,2016_3,Jul-Sept 2016
2016,3,La Pampa,69903,2016_3,Jul-Sept 2016
2016,3,La Rioja,16912,2016_3,Jul-Sept 2016
2016,3,Mendoza,169174,2016_3,Jul-Sept 2016
2016,3,Misiones,97997,2016_3,Jul-Sept 2016
2016,3,Neuquén,110491,2016_3,Jul-Sept 2016
2016,3,Río Negro,100024,2016_3,Jul-Sept 2016
2016,3,Salta,107790,2016_3,Jul-Sept 2016
2016,3,San Juan,51348,2016_3,Jul-Sept 2016
2016,3,San Luis,12978,2016_3,Jul-Sept 2016
2016,3,Santa Cruz,25886,2016_3,Jul-Sept 2016
2016,3,Santa Fe,566625,2016_3,Jul-Sept 2016
2016,3,Santiago Del Estero,35658,2016_3,Jul-Sept 2016
2016,3,Tierra Del Fuego,31306,2016_3,Jul-Sept 2016
2016,3,Tucumán,151282,2016_3,Jul-Sept 2016
2016,2,Buenos Aires,3032776,2016_2,Abr-Jun 2016
2016,2,Capital Federal,1384824,2016_2,Abr-Jun 2016
2016,2,Catamarca,26543,2016_2,Abr-Jun 2016
2016,2,Chaco,88235,2016_2,Abr-Jun 2016
2016,2,Chubut,62116,2016_2,Abr-Jun 2016
2016,2,Córdoba,634680,2016_2,Abr-Jun 2016
2016,2,Corrientes,86932,2016_2,Abr-Jun 2016
2016,2,Entre Ríos,178194,2016_2,Abr-Jun 2016
2016,2,Formosa,28801,2016_2,Abr-Jun 2016
2016,2,Jujuy,41187,2016_2,Abr-Jun 2016
2016,2,La Pampa,68403,2016_2,Abr-Jun 2016
2016,2,La Rioja,16718,2016_2,Abr-Jun 2016
2016,2,Mendoza,169274,2016_2,Abr-Jun 2016
2016,2,Misiones,95808,2016_2,Abr-Jun 2016
2016,2,Neuquén,108224,2016_2,Abr-Jun 2016
2016,2,Río Negro,99631,2016_2,Abr-Jun 2016
2016,2,Salta,104929,2016_2,Abr-Jun 2016
2016,2,San Juan,51392,2016_2,Abr-Jun 2016
2016,2,San Luis,12939,2016_2,Abr-Jun 2016
2016,2,Santa Cruz,25797,2016_2,Abr-Jun 2016
2016,2,Santa Fe,563867,2016_2,Abr-Jun 2016
2016,2,Santiago Del Estero,36958,2016_2,Abr-Jun 2016
2016,2,Tierra Del Fuego,30740,2016_2,Abr-Jun 2016
2016,2,Tucumán,148636,2016_2,Abr-Jun 2016
2016,1,Buenos Aires,2929903,2016_1,Ene-Mar 2016
2016,1,Capital Federal,1328079,2016_1,Ene-Mar 2016
2016,1,Catamarca,26376,2016_1,Ene-Mar 2016
2016,1,Chaco,86635,2016_1,Ene-Mar 2016
2016,1,Chubut,62060,2016_1,Ene-Mar 2016
2016,1,Córdoba,609692,2016_1,Ene-Mar 2016
2016,1,Corrientes,85510,2016_1,Ene-Mar 2016
2016,1,Entre Ríos,174634,2016_1,Ene-Mar 2016
2016,1,Formosa,28313,2016_1,Ene-Mar 2016
2016,1,Jujuy,40287,2016_1,Ene-Mar 2016
2016,1,La Pampa,65442,2016_1,Ene-Mar 2016
2016,1,La Rioja,16673,2016_1,Ene-Mar 2016
2016,1,Mendoza,169257,2016_1,Ene-Mar 2016
2016,1,Misiones,92951,2016_1,Ene-Mar 2016
2016,1,Neuquén,101969,2016_1,Ene-Mar 2016
2016,1,Río Negro,98745,2016_1,Ene-Mar 2016
2016,1,Salta,102423,2016_1,Ene-Mar 2016
2016,1,San Juan,51373,2016_1,Ene-Mar 2016
2016,1,San Luis,12915,2016_1,Ene-Mar 2016
2016,1,Santa Cruz,25931,2016_1,Ene-Mar 2016
2016,1,Santa Fe,551378,2016_1,Ene-Mar 2016
2016,1,Santiago Del Estero,37695,2016_1,Ene-Mar 2016
2016,1,Tierra Del Fuego,29867,2016_1,Ene-Mar 2016
2016,1,Tucumán,146596,2016_1,Ene-Mar 2016
2015,4,Buenos Aires,2946743,2015_4,Oct-Dic 2015
2015,4,Capital Federal,1360381,2015_4,Oct-Dic 2015
2015,4,Catamarca,26459,2015_4,Oct-Dic 2015
2015,4,Chaco,86537,2015_4,Oct-Dic 2015
2015,4,Chubut,62279,2015_4,Oct-Dic 2015
2015,4,Córdoba,625835,2015_4,Oct-Dic 2015
2015,4,Corrientes,85409,2015_4,Oct-Dic 2015
2015,4,Entre Ríos,173957,2015_4,Oct-Dic 2015
2015,4,Formosa,28088,2015_4,Oct-Dic 2015
2015,4,Jujuy,39922,2015_4,Oct-Dic 2015
2015,4,La Pampa,66054,2015_4,Oct-Dic 2015
2015,4,La Rioja,16914,2015_4,Oct-Dic 2015
2015,4,Mendoza,169251,2015_4,Oct-Dic 2015
2015,4,Misiones,92846,2015_4,Oct-Dic 2015
2015,4,Neuquén,105122,2015_4,Oct-Dic 2015
2015,4,Río Negro,98655,2015_4,Oct-Dic 2015
2015,4,Salta,101917,2015_4,Oct-Dic 2015
2015,4,San Juan,51408,2015_4,Oct-Dic 2015
2015,4,San Luis,12901,2015_4,Oct-Dic 2015
2015,4,Santa Cruz,26047,2015_4,Oct-Dic 2015
2015,4,Santa Fe,561045,2015_4,Oct-Dic 2015
2015,4,Santiago Del Estero,39132,2015_4,Oct-Dic 2015
2015,4,Tierra Del Fuego,29334,2015_4,Oct-Dic 2015
2015,4,Tucumán,146053,2015_4,Oct-Dic 2015
2015,3,Buenos Aires,2916070,2015_3,Jul-Sept 2015
2015,3,Capital Federal,1362193,2015_3,Jul-Sept 2015
2015,3,Catamarca,26080,2015_3,Jul-Sept 2015
2015,3,Chaco,85354,2015_3,Jul-Sept 2015
2015,3,Chubut,62143,2015_3,Jul-Sept 2015
2015,3,Córdoba,622761,2015_3,Jul-Sept 2015
2015,3,Corrientes,84931,2015_3,Jul-Sept 2015
2015,3,Entre Ríos,172252,2015_3,Jul-Sept 2015
2015,3,Formosa,27751,2015_3,Jul-Sept 2015
2015,3,Jujuy,39548,2015_3,Jul-Sept 2015
2015,3,La Pampa,64976,2015_3,Jul-Sept 2015
2015,3,La Rioja,16753,2015_3,Jul-Sept 2015
2015,3,Mendoza,169261,2015_3,Jul-Sept 2015
2015,3,Misiones,91615,2015_3,Jul-Sept 2015
2015,3,Neuquén,98376,2015_3,Jul-Sept 2015
2015,3,Río Negro,98529,2015_3,Jul-Sept 2015
2015,3,Salta,100570,2015_3,Jul-Sept 2015
2015,3,San Juan,51409,2015_3,Jul-Sept 2015
2015,3,San Luis,12902,2015_3,Jul-Sept 2015
2015,3,Santa Cruz,25912,2015_3,Jul-Sept 2015
2015,3,Santa Fe,556097,2015_3,Jul-Sept 2015
2015,3,Santiago Del Estero,39394,2015_3,Jul-Sept 2015
2015,3,Tierra Del Fuego,33118,2015_3,Jul-Sept 2015
2015,3,Tucumán,144272,2015_3,Jul-Sept 2015
2015,2,Buenos Aires,2871079,2015_2,Abr-Jun 2015
2015,2,Capital Federal,1336391,2015_2,Abr-Jun 2015
2015,2,Catamarca,25666,2015_2,Abr-Jun 2015
2015,2,Chaco,83832,2015_2,Abr-Jun 2015
2015,2,Chubut,61745,2015_2,Abr-Jun 2015
2015,2,Córdoba,609510,2015_2,Abr-Jun 2015
2015,2,Corrientes,83288,2015_2,Abr-Jun 2015
2015,2,Entre Ríos,169309,2015_2,Abr-Jun 2015
2015,2,Formosa,27013,2015_2,Abr-Jun 2015
2015,2,Jujuy,37720,2015_2,Abr-Jun 2015
2015,2,La Pampa,63552,2015_2,Abr-Jun 2015
2015,2,La Rioja,16491,2015_2,Abr-Jun 2015
2015,2,Mendoza,169259,2015_2,Abr-Jun 2015
2015,2,Misiones,88512,2015_2,Abr-Jun 2015
2015,2,Neuquén,95644,2015_2,Abr-Jun 2015
2015,2,Río Negro,97640,2015_2,Abr-Jun 2015
2015,2,Salta,98264,2015_2,Abr-Jun 2015
2015,2,San Juan,51367,2015_2,Abr-Jun 2015
2015,2,San Luis,12904,2015_2,Abr-Jun 2015
2015,2,Santa Cruz,25384,2015_2,Abr-Jun 2015
2015,2,Santa Fe,545739,2015_2,Abr-Jun 2015
2015,2,Santiago Del Estero,39375,2015_2,Abr-Jun 2015
2015,2,Tierra Del Fuego,32960,2015_2,Abr-Jun 2015
2015,2,Tucumán,140635,2015_2,Abr-Jun 2015
2015,1,Buenos Aires,2847076,2015_1,Ene-Mar 2015
2015,1,Capital Federal,1321139,2015_1,Ene-Mar 2015
2015,1,Catamarca,25312,2015_1,Ene-Mar 2015
2015,1,Chaco,81329,2015_1,Ene-Mar 2015
2015,1,Chubut,63327,2015_1,Ene-Mar 2015
2015,1,Córdoba,596663,2015_1,Ene-Mar 2015
2015,1,Corrientes,81488,2015_1,Ene-Mar 2015
2015,1,Entre Ríos,165839,2015_1,Ene-Mar 2015
2015,1,Formosa,26657,2015_1,Ene-Mar 2015
2015,1,Jujuy,36608,2015_1,Ene-Mar 2015
2015,1,La Pampa,62155,2015_1,Ene-Mar 2015
2015,1,La Rioja,16310,2015_1,Ene-Mar 2015
2015,1,Mendoza,168355,2015_1,Ene-Mar 2015
2015,1,Misiones,85139,2015_1,Ene-Mar 2015
2015,1,Neuquén,93373,2015_1,Ene-Mar 2015
2015,1,Río Negro,96145,2015_1,Ene-Mar 2015
2015,1,Salta,96793,2015_1,Ene-Mar 2015
2015,1,San Juan,51117,2015_1,Ene-Mar 2015
2015,1,San Luis,12878,2015_1,Ene-Mar 2015
2015,1,Santa Cruz,26217,2015_1,Ene-Mar 2015
2015,1,Santa Fe,535640,2015_1,Ene-Mar 2015
2015,1,Santiago Del Estero,39244,2015_1,Ene-Mar 2015
2015,1,Tierra Del Fuego,32726,2015_1,Ene-Mar 2015
2015,1,Tucumán,138184,2015_1,Ene-Mar 2015
2014,4,Buenos Aires,2801178,2014_4,Oct-Dic 2014
2014,4,Capital Federal,1318526,2014_4,Oct-Dic 2014
2014,4,Catamarca,25472,2014_4,Oct-Dic 2014
2014,4,Chaco,65998,2014_4,Oct-Dic 2014
2014,4,Chubut,66557,2014_4,Oct-Dic 2014
2014,4,Córdoba,590113,2014_4,Oct-Dic 2014
2014,4,Corrientes,65656,2014_4,Oct-Dic 2014
2014,4,Entre Ríos,140567,2014_4,Oct-Dic 2014
2014,4,Formosa,26156,2014_4,Oct-Dic 2014
2014,4,Jujuy,35999,2014_4,Oct-Dic 2014
2014,4,La Pampa,56813,2014_4,Oct-Dic 2014
2014,4,La Rioja,16379,2014_4,Oct-Dic 2014
2014,4,Mendoza,167766,2014_4,Oct-Dic 2014
2014,4,Misiones,77222,2014_4,Oct-Dic 2014
2014,4,Neuquén,92999,2014_4,Oct-Dic 2014
2014,4,Río Negro,95050,2014_4,Oct-Dic 2014
2014,4,Salta,93921,2014_4,Oct-Dic 2014
2014,4,San Juan,51390,2014_4,Oct-Dic 2014
2014,4,San Luis,12788,2014_4,Oct-Dic 2014
2014,4,Santa Cruz,25277,2014_4,Oct-Dic 2014
2014,4,Santa Fe,528459,2014_4,Oct-Dic 2014
2014,4,Santiago Del Estero,39308,2014_4,Oct-Dic 2014
2014,4,Tierra Del Fuego,28249,2014_4,Oct-Dic 2014
2014,4,Tucumán,137329,2014_4,Oct-Dic 2014
2014,3,Buenos Aires,2835537,2014_3,Jul-Sept 2014
2014,3,Capital Federal,1307195,2014_3,Jul-Sept 2014
2014,3,Catamarca,24665,2014_3,Jul-Sept 2014
2014,3,Chaco,63710,2014_3,Jul-Sept 2014
2014,3,Chubut,67130,2014_3,Jul-Sept 2014
2014,3,Córdoba,585231,2014_3,Jul-Sept 2014
2014,3,Corrientes,63516,2014_3,Jul-Sept 2014
2014,3,Entre Ríos,136618,2014_3,Jul-Sept 2014
2014,3,Formosa,25873,2014_3,Jul-Sept 2014
2014,3,Jujuy,33739,2014_3,Jul-Sept 2014
2014,3,La Pampa,61861,2014_3,Jul-Sept 2014
2014,3,La Rioja,15893,2014_3,Jul-Sept 2014
2014,3,Mendoza,166184,2014_3,Jul-Sept 2014
2014,3,Misiones,75327,2014_3,Jul-Sept 2014
2014,3,Neuquén,100099,2014_3,Jul-Sept 2014
2014,3,Río Negro,96629,2014_3,Jul-Sept 2014
2014,3,Salta,92929,2014_3,Jul-Sept 2014
2014,3,San Juan,51031,2014_3,Jul-Sept 2014
2014,3,San Luis,12683,2014_3,Jul-Sept 2014
2014,3,Santa Cruz,25664,2014_3,Jul-Sept 2014
2014,3,Santa Fe,520196,2014_3,Jul-Sept 2014
2014,3,Santiago Del Estero,37539,2014_3,Jul-Sept 2014
2014,3,Tierra Del Fuego,28037,2014_3,Jul-Sept 2014
2014,3,Tucumán,131978,2014_3,Jul-Sept 2014
2014,2,Buenos Aires,2750430,2014_2,Abr-Jun 2014
2014,2,Capital Federal,1299502,2014_2,Abr-Jun 2014
2014,2,Catamarca,24660,2014_2,Abr-Jun 2014
2014,2,Chaco,63243,2014_2,Abr-Jun 2014
2014,2,Chubut,68503,2014_2,Abr-Jun 2014
2014,2,Córdoba,576747,2014_2,Abr-Jun 2014
2014,2,Corrientes,62925,2014_2,Abr-Jun 2014
2014,2,Entre Ríos,135468,2014_2,Abr-Jun 2014
2014,2,Formosa,25535,2014_2,Abr-Jun 2014
2014,2,Jujuy,34359,2014_2,Abr-Jun 2014
2014,2,La Pampa,55048,2014_2,Abr-Jun 2014
2014,2,La Rioja,15889,2014_2,Abr-Jun 2014
2014,2,Mendoza,165046,2014_2,Abr-Jun 2014
2014,2,Misiones,74689,2014_2,Abr-Jun 2014
2014,2,Neuquén,90053,2014_2,Abr-Jun 2014
2014,2,Río Negro,94812,2014_2,Abr-Jun 2014
2014,2,Salta,91949,2014_2,Abr-Jun 2014
2014,2,San Juan,50891,2014_2,Abr-Jun 2014
2014,2,San Luis,12691,2014_2,Abr-Jun 2014
2014,2,Santa Cruz,26710,2014_2,Abr-Jun 2014
2014,2,Santa Fe,511753,2014_2,Abr-Jun 2014
2014,2,Santiago Del Estero,38002,2014_2,Abr-Jun 2014
2014,2,Tierra Del Fuego,27443,2014_2,Abr-Jun 2014
2014,2,Tucumán,131981,2014_2,Abr-Jun 2014
2014,1,Buenos Aires,2725732,2014_1,Ene-Mar 2014
2014,1,Capital Federal,1289204,2014_1,Ene-Mar 2014
2014,1,Catamarca,24209,2014_1,Ene-Mar 2014
2014,1,Chaco,62520,2014_1,Ene-Mar 2014
2014,1,Chubut,68205,2014_1,Ene-Mar 2014
2014,1,Córdoba,566705,2014_1,Ene-Mar 2014
2014,1,Corrientes,62203,2014_1,Ene-Mar 2014
2014,1,Entre Ríos,134216,2014_1,Ene-Mar 2014
2014,1,Formosa,25335,2014_1,Ene-Mar 2014
2014,1,Jujuy,33825,2014_1,Ene-Mar 2014
2014,1,La Pampa,53601,2014_1,Ene-Mar 2014
2014,1,La Rioja,15688,2014_1,Ene-Mar 2014
2014,1,Mendoza,164084,2014_1,Ene-Mar 2014
2014,1,Misiones,73950,2014_1,Ene-Mar 2014
2014,1,Neuquén,88077,2014_1,Ene-Mar 2014
2014,1,Río Negro,93909,2014_1,Ene-Mar 2014
2014,1,Salta,91265,2014_1,Ene-Mar 2014
2014,1,San Juan,50543,2014_1,Ene-Mar 2014
2014,1,San Luis,12193,2014_1,Ene-Mar 2014
2014,1,Santa Cruz,26304,2014_1,Ene-Mar 2014
2014,1,Santa Fe,506000,2014_1,Ene-Mar 2014
2014,1,Santiago Del Estero,37124,2014_1,Ene-Mar 2014
2014,1,Tierra Del Fuego,27272,2014_1,Ene-Mar 2014
2014,1,Tucumán,129944,2014_1,Ene-Mar 2014
